{"conv1d_filters": 128, "conv1d_kernel_size": 3, "conv1d_dropout": 0.45000000000000007, "layer_1_units": 104, "layer_1_dropout": 0.15000000000000002, "layer_2_units": 40, "layer_2_dropout": 0.25000000000000006, "learning_rate": 0.01, "tuner/epochs": 10, "tuner/initial_epoch": 0, "tuner/bracket": 1, "tuner/round": 0}