{"conv1d_filters": 112, "conv1d_kernel_size": 3, "conv1d_dropout": 0.3500000000000001, "layer_1_units": 96, "layer_1_dropout": 0.25000000000000006, "layer_2_units": 208, "layer_2_dropout": 0.30000000000000004, "learning_rate": 0.001, "tuner/epochs": 250, "tuner/initial_epoch": 0, "tuner/bracket": 0, "tuner/round": 0}