{"conv1d_filters": 56, "conv1d_kernel_size": 3, "conv1d_dropout": 0.40000000000000013, "layer_1_units": 152, "layer_1_dropout": 0.3500000000000001, "layer_2_units": 80, "layer_2_dropout": 0.45000000000000007, "learning_rate": 0.01, "tuner/epochs": 250, "tuner/initial_epoch": 10, "tuner/bracket": 1, "tuner/round": 1, "tuner/trial_id": "a150b99873bb9907d4e36630360ec516"}